time;averageAirTemp
"2024-04-01 00:00:00";17.455
"2024-04-01 01:00:00";16.401666666667
"2024-04-01 02:00:00";14.466666666667
"2024-04-01 03:00:00";13.766666666667
"2024-04-01 04:00:00";13.065
"2024-04-01 05:00:00";13.56
"2024-04-01 06:00:00";17.298333333333
"2024-04-01 07:00:00";20.035
"2024-04-01 08:00:00";21.963333333333
"2024-04-01 09:00:00";23.12
"2024-04-01 10:00:00";24.04
"2024-04-01 11:00:00";24.49
"2024-04-01 12:00:00";25.238333333333
"2024-04-01 13:00:00";25.681666666667
"2024-04-01 14:00:00";26.17
"2024-04-01 15:00:00";25.805
"2024-04-01 16:00:00";24.903333333333
"2024-04-01 17:00:00";23.595
"2024-04-01 18:00:00";23.018333333333
"2024-04-01 19:00:00";21.463333333333
"2024-04-01 20:00:00";20.618333333333
"2024-04-01 21:00:00";19.44
"2024-04-01 22:00:00";17.606666666667
"2024-04-01 23:00:00";15.76
"2024-04-02 00:00:00";14.27
"2024-04-02 01:00:00";12.865
"2024-04-02 02:00:00";11.416666666667
"2024-04-02 03:00:00";9.9533333333333
"2024-04-02 04:00:00";9.4716666666667
"2024-04-02 05:00:00";8.9333333333333
"2024-04-02 06:00:00";8.705
"2024-04-02 07:00:00";8.465
"2024-04-02 08:00:00";8.0733333333333
"2024-04-02 09:00:00";8.1166666666667
"2024-04-02 10:00:00";8.4433333333333
"2024-04-02 11:00:00";8.6766666666667
"2024-04-02 12:00:00";9.5183333333333
"2024-04-02 13:00:00";10.838333333333
"2024-04-02 14:00:00";10.368333333333
"2024-04-02 15:00:00";9.845
"2024-04-02 16:00:00";9.645
"2024-04-02 17:00:00";9.075
"2024-04-02 18:00:00";9.185
"2024-04-02 19:00:00";9.8216666666667
"2024-04-02 20:00:00";10.04
"2024-04-02 21:00:00";9.7633333333333
"2024-04-02 22:00:00";9.9766666666667
"2024-04-02 23:00:00";10.215
"2024-04-03 00:00:00";9.9433333333333
"2024-04-03 01:00:00";9.795
"2024-04-03 02:00:00";9.56
"2024-04-03 03:00:00";9.4433333333333
"2024-04-03 04:00:00";9.6133333333333
"2024-04-03 05:00:00";10.068333333333
"2024-04-03 06:00:00";10.51
"2024-04-03 07:00:00";11.775
"2024-04-03 08:00:00";13.175
"2024-04-03 09:00:00";13.703333333333
"2024-04-03 10:00:00";14.505
"2024-04-03 11:00:00";14.96
"2024-04-03 12:00:00";15.028333333333
"2024-04-03 13:00:00";15.521666666667
"2024-04-03 14:00:00";16
"2024-04-03 15:00:00";15.586666666667
"2024-04-03 16:00:00";15.295
"2024-04-03 17:00:00";14.895
"2024-04-03 18:00:00";14.483333333333
"2024-04-03 19:00:00";13.461666666667
"2024-04-03 20:00:00";12.453333333333
"2024-04-03 21:00:00";11.36
"2024-04-03 22:00:00";10.998333333333
"2024-04-03 23:00:00";10.711666666667
"2024-04-04 00:00:00";10.578333333333
"2024-04-04 01:00:00";10.471666666667
"2024-04-04 02:00:00";10.355
"2024-04-04 03:00:00";9.925
"2024-04-04 04:00:00";9.7416666666667
"2024-04-04 05:00:00";9.8666666666667
"2024-04-04 06:00:00";11.48
"2024-04-04 07:00:00";13.311666666667
"2024-04-04 08:00:00";14.545
"2024-04-04 09:00:00";15.145
"2024-04-04 10:00:00";15.263333333333
"2024-04-04 11:00:00";15.933333333333
"2024-04-04 12:00:00";15.816666666667
"2024-04-04 13:00:00";15.683333333333
"2024-04-04 14:00:00";15.821666666667
"2024-04-04 15:00:00";16.373333333333
"2024-04-04 16:00:00";15.755
"2024-04-04 17:00:00";14.786666666667
"2024-04-04 18:00:00";13.823333333333
"2024-04-04 19:00:00";13.58
"2024-04-04 20:00:00";12.143333333333
"2024-04-04 21:00:00";11.603333333333
"2024-04-04 22:00:00";11.923333333333
"2024-04-04 23:00:00";11.603333333333
"2024-04-05 00:00:00";11.663333333333
"2024-04-05 01:00:00";11.626666666667
"2024-04-05 02:00:00";11.301666666667
"2024-04-05 03:00:00";11.325
"2024-04-05 04:00:00";11.02
"2024-04-05 05:00:00";11.286666666667
"2024-04-05 06:00:00";11.791666666667
"2024-04-05 07:00:00";13.066666666667
"2024-04-05 08:00:00";14.315
"2024-04-05 09:00:00";15.245
"2024-04-05 10:00:00";16.08
"2024-04-05 11:00:00";16.951666666667
"2024-04-05 12:00:00";17.79
"2024-04-05 13:00:00";17.878333333333
"2024-04-05 14:00:00";17.793333333333
"2024-04-05 15:00:00";18.028333333333
"2024-04-05 16:00:00";17.806666666667
"2024-04-05 17:00:00";16.465
"2024-04-05 18:00:00";15.131666666667
"2024-04-05 19:00:00";14.09
"2024-04-05 20:00:00";13.085
"2024-04-05 21:00:00";12.76
"2024-04-05 22:00:00";12.898333333333
"2024-04-05 23:00:00";12.35
"2024-04-06 00:00:00";11.903333333333
"2024-04-06 01:00:00";11.668333333333
"2024-04-06 02:00:00";13.478333333333
"2024-04-06 03:00:00";15.781666666667
"2024-04-06 04:00:00";15.755
"2024-04-06 05:00:00";15.393333333333
"2024-04-06 06:00:00";15.386666666667
"2024-04-06 07:00:00";16.085
"2024-04-06 08:00:00";17.076666666667
"2024-04-06 09:00:00";17.985
"2024-04-06 10:00:00";18.558333333333
"2024-04-06 11:00:00";19.18
"2024-04-06 12:00:00";20.108333333333
"2024-04-06 13:00:00";20.023333333333
"2024-04-06 14:00:00";19.786666666667
"2024-04-06 15:00:00";19.648333333333
"2024-04-06 16:00:00";19.711666666667
"2024-04-06 17:00:00";18.595
"2024-04-06 18:00:00";16.465
"2024-04-06 19:00:00";14.971666666667
"2024-04-06 20:00:00";13.848333333333
"2024-04-06 21:00:00";12.948333333333
"2024-04-06 22:00:00";12.17
"2024-04-06 23:00:00";11.366666666667
"2024-04-07 00:00:00";10.806666666667
"2024-04-07 01:00:00";10.285
"2024-04-07 02:00:00";9.87
"2024-04-07 03:00:00";9.4366666666667
"2024-04-07 04:00:00";9.5666666666667
"2024-04-07 05:00:00";11.546666666667
"2024-04-07 06:00:00";13.603333333333
"2024-04-07 07:00:00";16.9
"2024-04-07 08:00:00";19.191666666667
"2024-04-07 09:00:00";21.718333333333
"2024-04-07 10:00:00";23.178333333333
"2024-04-07 11:00:00";24.173333333333
"2024-04-07 12:00:00";24.82
"2024-04-07 13:00:00";25.255
"2024-04-07 14:00:00";25.538333333333
"2024-04-07 15:00:00";25.565
"2024-04-07 16:00:00";24.913333333333
"2024-04-07 17:00:00";23.431666666667
"2024-04-07 18:00:00";21.576666666667
"2024-04-07 19:00:00";18.926666666667
"2024-04-07 20:00:00";17.236666666667
"2024-04-07 21:00:00";15.848333333333
"2024-04-07 22:00:00";14.706666666667
"2024-04-07 23:00:00";14.005
"2024-04-08 00:00:00";13.181666666667
"2024-04-08 01:00:00";12.828333333333
"2024-04-08 02:00:00";12.315
"2024-04-08 03:00:00";11.683333333333
"2024-04-08 04:00:00";11.656666666667
"2024-04-08 05:00:00";13.186666666667
"2024-04-08 06:00:00";15.896666666667
"2024-04-08 07:00:00";19.455
"2024-04-08 08:00:00";22.27
"2024-04-08 09:00:00";24.25
"2024-04-08 10:00:00";26.235
"2024-04-08 11:00:00";27.19
"2024-04-08 12:00:00";27.906666666667
"2024-04-08 13:00:00";28.323333333333
"2024-04-08 14:00:00";28.615
"2024-04-08 15:00:00";28.238333333333
"2024-04-08 16:00:00";27.165
"2024-04-08 17:00:00";24.601666666667
"2024-04-08 18:00:00";23.088333333333
"2024-04-08 19:00:00";21.85
"2024-04-08 20:00:00";20.835
"2024-04-08 21:00:00";19.485
"2024-04-08 22:00:00";17.47
"2024-04-08 23:00:00";15.49
"2024-04-09 00:00:00";13.753333333333
"2024-04-09 01:00:00";12.62
"2024-04-09 02:00:00";11.873333333333
"2024-04-09 03:00:00";11.655
"2024-04-09 04:00:00";11.366666666667
"2024-04-09 05:00:00";13.188333333333
"2024-04-09 06:00:00";16.715
"2024-04-09 07:00:00";19.916666666667
"2024-04-09 08:00:00";22.465
"2024-04-09 09:00:00";23.99
"2024-04-09 10:00:00";25.353333333333
"2024-04-09 11:00:00";26.245
"2024-04-09 12:00:00";27.371666666667
"2024-04-09 13:00:00";28.603333333333
"2024-04-09 14:00:00";28.265
"2024-04-09 15:00:00";27.526666666667
"2024-04-09 16:00:00";26.885
"2024-04-09 17:00:00";24.718333333333
"2024-04-09 18:00:00";22.961666666667
"2024-04-09 19:00:00";21.448333333333
"2024-04-09 20:00:00";20.065
"2024-04-09 21:00:00";18.535
"2024-04-09 22:00:00";16.448333333333
"2024-04-09 23:00:00";14.941666666667
"2024-04-10 00:00:00";13.948333333333
"2024-04-10 01:00:00";13.355
"2024-04-10 02:00:00";13.46
"2024-04-10 03:00:00";14.143333333333
"2024-04-10 04:00:00";15.421666666667
"2024-04-10 05:00:00";15.74
"2024-04-10 06:00:00";15.548333333333
"2024-04-10 07:00:00";13.966666666667
"2024-04-10 08:00:00";12.47
"2024-04-10 09:00:00";12.713333333333
"2024-04-10 10:00:00";13.115
"2024-04-10 11:00:00";13.393333333333
"2024-04-10 12:00:00";13.558333333333
"2024-04-10 13:00:00";13.468333333333
"2024-04-10 14:00:00";13.221666666667
"2024-04-10 15:00:00";13.113333333333
"2024-04-10 16:00:00";12.823333333333
"2024-04-10 17:00:00";12.583333333333
"2024-04-10 18:00:00";12.39
"2024-04-10 19:00:00";12.041666666667
"2024-04-10 20:00:00";11.61
"2024-04-10 21:00:00";11.353333333333
"2024-04-10 22:00:00";11.23
"2024-04-10 23:00:00";11.106666666667
"2024-04-11 00:00:00";10.971666666667
"2024-04-11 01:00:00";10.703333333333
"2024-04-11 02:00:00";10.441666666667
"2024-04-11 03:00:00";10.176666666667
"2024-04-11 04:00:00";10.253333333333
"2024-04-11 05:00:00";10.695
"2024-04-11 06:00:00";11.75
"2024-04-11 07:00:00";12.093333333333
"2024-04-11 08:00:00";13.11
"2024-04-11 09:00:00";14.176666666667
"2024-04-11 10:00:00";15.001666666667
"2024-04-11 11:00:00";16.091666666667
"2024-04-11 12:00:00";16.928333333333
"2024-04-11 13:00:00";17.296666666667
"2024-04-11 14:00:00";16.991666666667
"2024-04-11 15:00:00";17.556666666667
"2024-04-11 16:00:00";16.736666666667
"2024-04-11 17:00:00";15.526666666667
"2024-04-11 18:00:00";14.368333333333
"2024-04-11 19:00:00";13.07
"2024-04-11 20:00:00";11.576666666667
"2024-04-11 21:00:00";10.363333333333
"2024-04-11 22:00:00";9.5716666666667
"2024-04-11 23:00:00";8.6483333333333
"2024-04-12 00:00:00";7.89
"2024-04-12 01:00:00";7.1483333333333
"2024-04-12 02:00:00";6.7333333333333
"2024-04-12 03:00:00";6.5766666666667
"2024-04-12 04:00:00";6.6516666666667
"2024-04-12 05:00:00";8.3533333333333
"2024-04-12 06:00:00";11.041666666667
"2024-04-12 07:00:00";13.408333333333
"2024-04-12 08:00:00";15.916666666667
"2024-04-12 09:00:00";17.371666666667
"2024-04-12 10:00:00";18.725
"2024-04-12 11:00:00";19.458333333333
"2024-04-12 12:00:00";20.243333333333
"2024-04-12 13:00:00";20.958333333333
"2024-04-12 14:00:00";21.09
"2024-04-12 15:00:00";21.251666666667
"2024-04-12 16:00:00";20.226666666667
"2024-04-12 17:00:00";18.673333333333
"2024-04-12 18:00:00";17.138333333333
"2024-04-12 19:00:00";15.321666666667
"2024-04-12 20:00:00";14.198333333333
"2024-04-12 21:00:00";13.008333333333
"2024-04-12 22:00:00";12.08
"2024-04-12 23:00:00";11.388333333333
"2024-04-13 00:00:00";10.748333333333
"2024-04-13 01:00:00";10.091666666667
"2024-04-13 02:00:00";9.5683333333333
"2024-04-13 03:00:00";10.323333333333
"2024-04-13 04:00:00";11.17
"2024-04-13 05:00:00";12.291666666667
"2024-04-13 06:00:00";14.435
"2024-04-13 07:00:00";16.218333333333
"2024-04-13 08:00:00";17.38
"2024-04-13 09:00:00";18.648333333333
"2024-04-13 10:00:00";19.086666666667
"2024-04-13 11:00:00";20.456666666667
"2024-04-13 12:00:00";21.265
"2024-04-13 13:00:00";21.61
"2024-04-13 14:00:00";21.536666666667
"2024-04-13 15:00:00";21.25
"2024-04-13 16:00:00";20.981666666667
"2024-04-13 17:00:00";19.543333333333
"2024-04-13 18:00:00";17.985
"2024-04-13 19:00:00";16.57
"2024-04-13 20:00:00";15.813333333333
"2024-04-13 21:00:00";14.275
"2024-04-13 22:00:00";13.478333333333
"2024-04-13 23:00:00";12.596666666667
"2024-04-14 00:00:00";11.918333333333
"2024-04-14 01:00:00";11.103333333333
"2024-04-14 02:00:00";10.74
"2024-04-14 03:00:00";10.32
"2024-04-14 04:00:00";10.156666666667
"2024-04-14 05:00:00";11.226666666667
"2024-04-14 06:00:00";14.151666666667
"2024-04-14 07:00:00";17.61
"2024-04-14 08:00:00";20.321666666667
"2024-04-14 09:00:00";22.241666666667
"2024-04-14 10:00:00";22.955
"2024-04-14 11:00:00";22.991666666667
"2024-04-14 12:00:00";22.706666666667
"2024-04-14 13:00:00";22.265
"2024-04-14 14:00:00";21.776666666667
"2024-04-14 15:00:00";20.618333333333
"2024-04-14 16:00:00";18.093333333333
"2024-04-14 17:00:00";18.23
"2024-04-14 18:00:00";17.795
"2024-04-14 19:00:00";16.556666666667
"2024-04-14 20:00:00";15.78
"2024-04-14 21:00:00";15.158333333333
"2024-04-14 22:00:00";14.48
"2024-04-14 23:00:00";13.93
"2024-04-15 00:00:00";13.698333333333
"2024-04-15 01:00:00";13.18
"2024-04-15 02:00:00";13.326666666667
"2024-04-15 03:00:00";13.13
"2024-04-15 04:00:00";13.093333333333
"2024-04-15 05:00:00";11.896666666667
"2024-04-15 06:00:00";11.593333333333
"2024-04-15 07:00:00";10.745
"2024-04-15 08:00:00";10.71
"2024-04-15 09:00:00";9.7866666666667
"2024-04-15 10:00:00";9.9233333333333
"2024-04-15 11:00:00";10.57
"2024-04-15 12:00:00";11.551666666667
"2024-04-15 13:00:00";12.09
"2024-04-15 14:00:00";12.121666666667
"2024-04-15 15:00:00";11.645
"2024-04-15 16:00:00";11.703333333333
"2024-04-15 17:00:00";11.633333333333
"2024-04-15 18:00:00";11.296666666667
"2024-04-15 19:00:00";10.92
"2024-04-15 20:00:00";10.971666666667
"2024-04-15 21:00:00";10.916666666667
"2024-04-15 22:00:00";10.8
"2024-04-15 23:00:00";10.68
"2024-04-16 00:00:00";10.386666666667
"2024-04-16 01:00:00";11.528333333333
"2024-04-16 02:00:00";11.49
"2024-04-16 03:00:00";10.963333333333
"2024-04-16 04:00:00";10.546666666667
"2024-04-16 05:00:00";10.201666666667
"2024-04-16 06:00:00";8.755
"2024-04-16 07:00:00";8.0733333333333
"2024-04-16 08:00:00";8.155
"2024-04-16 09:00:00";8.6833333333333
"2024-04-16 10:00:00";8.9216666666667
"2024-04-16 11:00:00";9.3616666666667
"2024-04-16 12:00:00";9.5133333333333
"2024-04-16 13:00:00";9.7933333333333
"2024-04-16 14:00:00";10.163333333333
"2024-04-16 15:00:00";9.9716666666667
"2024-04-16 16:00:00";9.7283333333333
"2024-04-16 17:00:00";8.68
"2024-04-16 18:00:00";7.5466666666667
"2024-04-16 19:00:00";6.5
"2024-04-16 20:00:00";5.785
"2024-04-16 21:00:00";5.7933333333333
"2024-04-16 22:00:00";5.6833333333333
"2024-04-16 23:00:00";5.195
"2024-04-17 00:00:00";3.9633333333333
"2024-04-17 01:00:00";3.0766666666667
"2024-04-17 02:00:00";2.725
"2024-04-17 03:00:00";3.39
"2024-04-17 04:00:00";3.6633333333333
"2024-04-17 05:00:00";4.6666666666667
"2024-04-17 06:00:00";6.0533333333333
"2024-04-17 07:00:00";6.1533333333333
"2024-04-17 08:00:00";6.28
"2024-04-17 09:00:00";6.5666666666667
"2024-04-17 10:00:00";6.385
"2024-04-17 11:00:00";6.8166666666667
"2024-04-17 12:00:00";7.27
"2024-04-17 13:00:00";8.0616666666667
"2024-04-17 14:00:00";8.28
"2024-04-17 15:00:00";7.2516666666667
"2024-04-17 16:00:00";5.7933333333333
"2024-04-17 17:00:00";5.6766666666667
"2024-04-17 18:00:00";5.5783333333333
"2024-04-17 19:00:00";5.685
"2024-04-17 20:00:00";5.5566666666667
"2024-04-17 21:00:00";5.1833333333333
"2024-04-17 22:00:00";4.32
"2024-04-17 23:00:00";3.5366666666667
"2024-04-18 00:00:00";3.0433333333333
"2024-04-18 01:00:00";2.8983333333333
"2024-04-18 02:00:00";2.7133333333333
"2024-04-18 03:00:00";2.555
"2024-04-18 04:00:00";2.1316666666667
"2024-04-18 05:00:00";3.17
"2024-04-18 06:00:00";5.145
"2024-04-18 07:00:00";7.2683333333333
"2024-04-18 08:00:00";7.2733333333333
"2024-04-18 09:00:00";6.795
"2024-04-18 10:00:00";7.7116666666667
"2024-04-18 11:00:00";8.3333333333333
"2024-04-18 12:00:00";7.585
"2024-04-18 13:00:00";8.94
"2024-04-18 14:00:00";8.7483333333333
"2024-04-18 15:00:00";7.5583333333333
"2024-04-18 16:00:00";6.95
"2024-04-18 17:00:00";6.375
"2024-04-18 18:00:00";5.8616666666667
"2024-04-18 19:00:00";5.0183333333333
"2024-04-18 20:00:00";3.9416666666667
"2024-04-18 21:00:00";3.765
"2024-04-18 22:00:00";3.53
"2024-04-18 23:00:00";3.5
"2024-04-19 00:00:00";3.2433333333333
"2024-04-19 01:00:00";2.9616666666667
"2024-04-19 02:00:00";2.0266666666667
"2024-04-19 03:00:00";1.85
"2024-04-19 04:00:00";2.0583333333333
"2024-04-19 05:00:00";3.3533333333333
"2024-04-19 06:00:00";5.19
"2024-04-19 07:00:00";7.3716666666667
"2024-04-19 08:00:00";8.5083333333333
"2024-04-19 09:00:00";8.9733333333333
"2024-04-19 10:00:00";9.72
"2024-04-19 11:00:00";10.211666666667
"2024-04-19 12:00:00";10.74
"2024-04-19 13:00:00";10.351666666667
"2024-04-19 14:00:00";10.685
"2024-04-19 15:00:00";10.786666666667
"2024-04-19 16:00:00";10.591666666667
"2024-04-19 17:00:00";9.6733333333333
"2024-04-19 18:00:00";8.3066666666667
"2024-04-19 19:00:00";7.3066666666667
"2024-04-19 20:00:00";7.0233333333333
"2024-04-19 21:00:00";6.8433333333333
"2024-04-19 22:00:00";6.8433333333333
"2024-04-19 23:00:00";6.975
"2024-04-20 00:00:00";6.9803571428571
"2024-04-20 01:00:00";6.8666666666667
"2024-04-20 02:00:00";6.640350877193
"2024-04-20 03:00:00";6.1701754385965
"2024-04-20 04:00:00";5.980701754386
"2024-04-20 05:00:00";6.1087719298246
"2024-04-20 06:00:00";6.7571428571429
"2024-04-20 07:00:00";7.2534482758621
"2024-04-20 08:00:00";7.9859649122807
"2024-04-20 09:00:00";7.7263157894737
"2024-04-20 10:00:00";8.6684210526316
"2024-04-20 11:00:00";7.9263157894737
"2024-04-20 12:00:00";8.5321428571429
"2024-04-20 13:00:00";9.0196428571429
"2024-04-20 14:00:00";8.8508771929825
"2024-04-20 15:00:00";8.6526315789474
"2024-04-20 16:00:00";8.2385964912281
"2024-04-20 17:00:00";7.6859649122807
"2024-04-20 18:00:00";6.675
"2024-04-20 19:00:00";6.1178571428571
"2024-04-20 20:00:00";5.5631578947368
"2024-04-20 21:00:00";5.2929824561404
"2024-04-20 22:00:00";4.8087719298246
"2024-04-20 23:00:00";4.3857142857143
"2024-04-21 00:00:00";3.9035714285714
"2024-04-21 01:00:00";3.4517857142857
"2024-04-21 02:00:00";2.9824561403509
"2024-04-21 03:00:00";2.9140350877193
"2024-04-21 04:00:00";2.7631578947368
"2024-04-21 05:00:00";2.3280701754386
"2024-04-21 06:00:00";2.2267857142857
"2024-04-21 07:00:00";2.5285714285714
"2024-04-21 08:00:00";2.9714285714286
"2024-04-21 09:00:00";3.1649122807018
"2024-04-21 10:00:00";3.7017543859649
"2024-04-21 11:00:00";4.059649122807
"2024-04-21 12:00:00";4.2321428571429
"2024-04-21 13:00:00";4.2482142857143
"2024-04-21 14:00:00";4.2821428571429
"2024-04-21 15:00:00";4.3052631578947
"2024-04-21 16:00:00";4.459649122807
"2024-04-21 17:00:00";4.4877192982456
"2024-04-21 18:00:00";4.4649122807018
"2024-04-21 19:00:00";4.6178571428571
"2024-04-21 20:00:00";4.6035714285714
"2024-04-21 21:00:00";4.6157894736842
"2024-04-21 22:00:00";4.6070175438596
"2024-04-21 23:00:00";4.3543859649123
"2024-04-22 00:00:00";4.1122807017544
"2024-04-22 01:00:00";3.9438596491228
"2024-04-22 02:00:00";3.7140350877193
"2024-04-22 03:00:00";3.1473684210526
"2024-04-22 04:00:00";2.4245614035088
"2024-04-22 05:00:00";2.4122807017544
"2024-04-22 06:00:00";2.5964912280702
"2024-04-22 07:00:00";3.3473684210526
"2024-04-22 08:00:00";4.1771929824561
"2024-04-22 09:00:00";5.0508771929825
"2024-04-22 10:00:00";5.4052631578947
"2024-04-22 11:00:00";5.9877192982456
"2024-04-22 12:00:00";6.3666666666667
"2024-04-22 13:00:00";6.3947368421053
"2024-04-22 14:00:00";6.2561403508772
"2024-04-22 15:00:00";6.1245614035088
"2024-04-22 16:00:00";5.8821428571429
"2024-04-22 17:00:00";5.1964912280702
"2024-04-22 18:00:00";4.3982456140351
"2024-04-22 19:00:00";3.9157894736842
"2024-04-22 20:00:00";3.640350877193
"2024-04-22 21:00:00";3.4947368421053
"2024-04-22 22:00:00";3.2859649122807
"2024-04-22 23:00:00";3.2473684210526
"2024-04-23 00:00:00";3.140350877193
"2024-04-23 01:00:00";3.0912280701754
"2024-04-23 02:00:00";3.0631578947368
"2024-04-23 03:00:00";2.959649122807
"2024-04-23 04:00:00";3.0315789473684
"2024-04-23 05:00:00";3.440350877193
"2024-04-23 06:00:00";4.9315789473684
"2024-04-23 07:00:00";6.180701754386
"2024-04-23 08:00:00";6.319298245614
"2024-04-23 09:00:00";7.2017543859649
"2024-04-23 10:00:00";8.1982456140351
"2024-04-23 11:00:00";8.8767857142857
"2024-04-23 12:00:00";9.6789473684211
"2024-04-23 13:00:00";10.456140350877
"2024-04-23 14:00:00";10.685964912281
"2024-04-23 15:00:00";10.291228070175
"2024-04-23 16:00:00";10.070175438596
"2024-04-23 17:00:00";9.0982456140351
"2024-04-23 18:00:00";8.1964912280702
"2024-04-23 19:00:00";7.5368421052632
"2024-04-23 20:00:00";7.2614035087719
"2024-04-23 21:00:00";7.4228070175439
"2024-04-23 22:00:00";7.1543859649123
"2024-04-23 23:00:00";7.0892857142857
"2024-04-24 00:00:00";6.9964912280702
"2024-04-24 01:00:00";6.9385964912281
"2024-04-24 02:00:00";7.0280701754386
"2024-04-24 03:00:00";6.7122807017544
"2024-04-24 04:00:00";6.1649122807018
"2024-04-24 05:00:00";5.8421052631579
"2024-04-24 06:00:00";6.1892857142857
"2024-04-24 07:00:00";6.719298245614
"2024-04-24 08:00:00";7.119298245614
"2024-04-24 09:00:00";7.8438596491228
"2024-04-24 10:00:00";8.4842105263158
"2024-04-24 11:00:00";9.2298245614035
"2024-04-24 12:00:00";9.6482142857143
"2024-04-24 13:00:00";9.8333333333333
"2024-04-24 14:00:00";10.043859649123
"2024-04-24 15:00:00";9.6175438596491
"2024-04-24 16:00:00";8.6070175438596
"2024-04-24 17:00:00";7.3245614035088
"2024-04-24 18:00:00";6.6785714285714
"2024-04-24 19:00:00";6.0736842105263
"2024-04-24 20:00:00";5.3070175438597
"2024-04-24 21:00:00";5.0964912280702
"2024-04-24 22:00:00";4.9140350877193
"2024-04-24 23:00:00";4.7473684210526
"2024-04-25 00:00:00";4.6125
"2024-04-25 01:00:00";4.6428571428571
"2024-04-25 02:00:00";4.5122807017544
"2024-04-25 03:00:00";4.5350877192982
"2024-04-25 04:00:00";4.6368421052632
"2024-04-25 05:00:00";5.0631578947368
"2024-04-25 06:00:00";6.1589285714286
"2024-04-25 07:00:00";7.2
"2024-04-25 08:00:00";8.0842105263158
"2024-04-25 09:00:00";9.4701754385965
"2024-04-25 10:00:00";10.559649122807
"2024-04-25 11:00:00";10.908771929825
"2024-04-25 12:00:00";11.317543859649
"2024-04-25 13:00:00";12.1125
"2024-04-25 14:00:00";12.235714285714
"2024-04-25 15:00:00";11.936842105263
"2024-04-25 16:00:00";11.450877192982
"2024-04-25 17:00:00";11.075438596491
"2024-04-25 18:00:00";9.0842105263158
"2024-04-25 19:00:00";7.4732142857143
"2024-04-25 20:00:00";5.9035714285714
"2024-04-25 21:00:00";4.8263157894737
"2024-04-25 22:00:00";3.9666666666667
"2024-04-25 23:00:00";3.3877192982456
"2024-04-26 00:00:00";2.7543859649123
"2024-04-26 01:00:00";1.9214285714286
"2024-04-26 02:00:00";1.4339285714286
"2024-04-26 03:00:00";1.1754385964912
"2024-04-26 04:00:00";2.219298245614
"2024-04-26 05:00:00";4.8385964912281
"2024-04-26 06:00:00";8.2263157894737
"2024-04-26 07:00:00";11.410526315789
"2024-04-26 08:00:00";12.8625
"2024-04-26 09:00:00";13.948214285714
"2024-04-26 10:00:00";13.789473684211
"2024-04-26 11:00:00";14.021052631579
"2024-04-26 12:00:00";15.101754385965
"2024-04-26 13:00:00";15.143859649123
"2024-04-26 14:00:00";15.726785714286
"2024-04-26 15:00:00";15.735714285714
"2024-04-26 16:00:00";14.875438596491
"2024-04-26 17:00:00";13.689473684211
"2024-04-26 18:00:00";12.138596491228
"2024-04-26 19:00:00";10.745614035088
"2024-04-26 20:00:00";9.4142857142857
"2024-04-26 21:00:00";8.0839285714286
"2024-04-26 22:00:00";7.305
"2024-04-26 23:00:00";7.3033333333333
"2024-04-27 00:00:00";7.3583333333333
"2024-04-27 01:00:00";6.7833333333333
"2024-04-27 02:00:00";5.945
"2024-04-27 03:00:00";5.2366666666667
"2024-04-27 04:00:00";6.0666666666667
"2024-04-27 05:00:00";7.6916666666667
"2024-04-27 06:00:00";9.7983333333333
"2024-04-27 07:00:00";11.65
"2024-04-27 08:00:00";14.575
"2024-04-27 09:00:00";16.753333333333
"2024-04-27 10:00:00";16.841666666667
"2024-04-27 11:00:00";16.173333333333
"2024-04-27 12:00:00";14.398333333333
"2024-04-27 13:00:00";15.523333333333
"2024-04-27 14:00:00";16.355
"2024-04-27 15:00:00";17.286666666667
"2024-04-27 16:00:00";16.311666666667
"2024-04-27 17:00:00";15.585
"2024-04-27 18:00:00";14.413333333333
"2024-04-27 19:00:00";12.943333333333
"2024-04-27 20:00:00";11.318333333333
"2024-04-27 21:00:00";9.8883333333333
"2024-04-27 22:00:00";8.7083333333333
"2024-04-27 23:00:00";8.0933333333333
"2024-04-28 00:00:00";7.53
"2024-04-28 01:00:00";6.8283333333333
"2024-04-28 02:00:00";6.5416666666667
"2024-04-28 03:00:00";6.0183333333333
"2024-04-28 04:00:00";7.37
"2024-04-28 05:00:00";10.436666666667
"2024-04-28 06:00:00";13.336666666667
"2024-04-28 07:00:00";16.166666666667
"2024-04-28 08:00:00";18.396666666667
"2024-04-28 09:00:00";20.588333333333
"2024-04-28 10:00:00";21.355
"2024-04-28 11:00:00";21.611666666667
"2024-04-28 12:00:00";22.318333333333
"2024-04-28 13:00:00";22.793333333333
"2024-04-28 14:00:00";22.746666666667
"2024-04-28 15:00:00";22.516666666667
"2024-04-28 16:00:00";21.961666666667
"2024-04-28 17:00:00";21.206666666667
"2024-04-28 18:00:00";19.761666666667
"2024-04-28 19:00:00";18.155
"2024-04-28 20:00:00";16.35
"2024-04-28 21:00:00";14.728333333333
"2024-04-28 22:00:00";13.263333333333
"2024-04-28 23:00:00";12.431666666667
"2024-04-29 00:00:00";11.591666666667
"2024-04-29 01:00:00";10.816666666667
"2024-04-29 02:00:00";10.165
"2024-04-29 03:00:00";9.7
"2024-04-29 04:00:00";10.115
"2024-04-29 05:00:00";13.178333333333
"2024-04-29 06:00:00";16.18
"2024-04-29 07:00:00";19.403333333333
"2024-04-29 08:00:00";21.921666666667
"2024-04-29 09:00:00";23.123333333333
"2024-04-29 10:00:00";24.27
"2024-04-29 11:00:00";24.918333333333
"2024-04-29 12:00:00";25.635
"2024-04-29 13:00:00";26.048333333333
"2024-04-29 14:00:00";26.463333333333
"2024-04-29 15:00:00";26.156666666667
"2024-04-29 16:00:00";25.698333333333
"2024-04-29 17:00:00";24.176666666667
"2024-04-29 18:00:00";22.376666666667
"2024-04-29 19:00:00";21.015
"2024-04-29 20:00:00";19.621666666667
"2024-04-29 21:00:00";17.881666666667
"2024-04-29 22:00:00";16.405
"2024-04-29 23:00:00";14.601666666667
"2024-04-30 00:00:00";13.38
"2024-04-30 01:00:00";12.61
"2024-04-30 02:00:00";11.836666666667
"2024-04-30 03:00:00";10.833333333333
"2024-04-30 04:00:00";11.976666666667
"2024-04-30 05:00:00";14.873333333333
"2024-04-30 06:00:00";17.188333333333
"2024-04-30 07:00:00";19.47
"2024-04-30 08:00:00";21.638333333333
"2024-04-30 09:00:00";22.941666666667
"2024-04-30 10:00:00";24.385
"2024-04-30 11:00:00";25.606666666667
"2024-04-30 12:00:00";25.963333333333
"2024-04-30 13:00:00";25.916666666667
"2024-04-30 14:00:00";25.781666666667
"2024-04-30 15:00:00";25.266666666667
"2024-04-30 16:00:00";24.183333333333
"2024-04-30 17:00:00";22.76
"2024-04-30 18:00:00";21.043333333333
"2024-04-30 19:00:00";19.536666666667
"2024-04-30 20:00:00";18.173333333333
"2024-04-30 21:00:00";16.701666666667
"2024-04-30 22:00:00";14.973333333333
"2024-04-30 23:00:00";13.03
"2024-05-01 00:00:00";11.83
"2024-05-01 01:00:00";11.016666666667
"2024-05-01 02:00:00";10.313333333333
"2024-05-01 03:00:00";10.058333333333
"2024-05-01 04:00:00";11.643333333333
"2024-05-01 05:00:00";14.571666666667
"2024-05-01 06:00:00";16.408333333333
"2024-05-01 07:00:00";18.325
"2024-05-01 08:00:00";20.936666666667
"2024-05-01 09:00:00";22.301666666667
"2024-05-01 10:00:00";22.735
"2024-05-01 11:00:00";23.308333333333
"2024-05-01 12:00:00";23.605
"2024-05-01 13:00:00";23.791666666667
"2024-05-01 14:00:00";23.71
"2024-05-01 15:00:00";23.633333333333
"2024-05-01 16:00:00";22.983333333333
"2024-05-01 17:00:00";21.425
"2024-05-01 18:00:00";19.791666666667
"2024-05-01 19:00:00";18.771666666667
"2024-05-01 20:00:00";17.306666666667
"2024-05-01 21:00:00";15.275
"2024-05-01 22:00:00";15.615
"2024-05-01 23:00:00";14.631666666667
